UserID,Name
51f12ae5-d9d8-4e3f-a0ff-5f0da7d064d2,Alice
ab74ca38-c7e3-495a-b6e9-33fe176482f2,Bob
750cefa1-cac6-414a-b8b3-ab8a9cc17ff8,Charlie
73c0f8a0-46a6-4947-ad34-9f038b5a408c,Diana
2eb2ac5d-450f-4c85-a011-6ecd24a29659,Eve
349877f4-9dd4-432f-be9b-1b8d14c601da,Frank
cbf3f153-ca1c-4945-8d31-5e62efd97055,Grace
5b46d9aa-2b63-4fd0-a281-d6d506d12907,Henry
d1ed237e-bfce-432e-b8b8-19cdcd45ed41,Irene
a45c27a2-e817-49fc-8d0a-f6fa33e0eac4,Jack
5d5db111-5ee8-4cc7-85c9-bb6fe60e9efe,Karen
dc59a0df-a5d4-4538-9de4-c394a5d705ea,Leo
12cf2429-2be8-438a-9dee-47365f9ed9e3,Mia
80d017e5-c5bd-489d-afff-bff129a5665d,Nathan
14073ad5-46ca-40b0-9076-6f1064337fc9,Olivia
a7330d7b-8f5c-43b5-b9b5-dd2c426abc4b,Paul
80c05b87-081e-48b1-a9d0-7c401f11882b,An
069abae8-ff58-401f-9fb5-12776ed7036f,Chien
c0a25e67-36a3-4197-a2ff-8f50c903bde8,Trang
671ede8b-c765-447b-9fa3-e78162a6b35b,Nguyen
4b22e638-3e13-43f9-b737-c5bbd8c97616,Long